classification,borrowers,total_exposure_tzs_mn,avg_esg,avg_climate_risk,avg_final
Green Eligible,15,2042.9,6.044,5.092,5.534000000000001
Standard,27,2050.0,4.928518518518518,5.010370370370371,4.956296296296296
Watch List,3,312.7,4.276666666666666,4.896666666666667,4.6499999999999995
High Risk,15,5123.5,4.447333333333333,8.13,3.288
